ts	pane	agent	state	reason
20260610T114950Z	0.0	robbin-po	ACTIVE	-
20260610T114950Z	0.1	robbin-architect	BLOCKED	awaiting-dependency(design-staged-gate)
20260610T114950Z	0.2	robbin-expert	IDLE	awaiting-dependency(mid-flush-between-steps)
20260610T114950Z	0.3	robbin-tester	BLOCKED	awaiting-dependency(verify-staged)
20260610T114950Z	1.0	robbin-planner	BLOCKED	classifier-gate
20260610T114950Z	1.1	robbin-req	BLOCKED	classifier-gate(write-denied)
20260610T114950Z	2.0	robbin-skill-expert	IDLE	awaiting-retask
20260610T120000Z	0.0	robbin-po	IDLE	awaiting-retask
20260610T120000Z	0.1	robbin-architect	BLOCKED	awaiting-dependency(design-staged-gate)
20260610T120000Z	0.2	robbin-expert	IDLE	awaiting-retask
20260610T120000Z	0.3	robbin-tester	BLOCKED	awaiting-dependency(verify-staged)
20260610T120000Z	1.0	robbin-planner	BLOCKED	classifier-gate
20260610T120000Z	1.1	robbin-req	ACTIVE	-
20260610T120000Z	2.0	robbin-skill-expert	IDLE	awaiting-retask
20260610T120408Z	0.0	robbin-po	IDLE	awaiting-retask
20260610T120408Z	0.1	robbin-architect	BLOCKED	awaiting-dependency(design-staged-gate)
20260610T120408Z	0.2	robbin-expert	IDLE	awaiting-retask
20260610T120408Z	0.3	robbin-tester	BLOCKED	awaiting-dependency(verify-staged)
20260610T120408Z	1.0	robbin-planner	BLOCKED	classifier-gate
20260610T120408Z	1.1	robbin-req	ACTIVE	-
20260610T120408Z	2.0	robbin-skill-expert	IDLE	awaiting-retask
20260610T120808Z	0.0	robbin-po	IDLE	awaiting-retask
20260610T120808Z	0.1	robbin-architect	BLOCKED	awaiting-dependency(design-staged-gate)
20260610T120808Z	0.2	robbin-expert	IDLE	awaiting-retask
20260610T120808Z	0.3	robbin-tester	BLOCKED	awaiting-dependency(verify-staged)
20260610T120808Z	1.0	robbin-planner	BLOCKED	classifier-gate
20260610T120808Z	1.1	robbin-req	ACTIVE	-
20260610T120808Z	2.0	robbin-skill-expert	IDLE	awaiting-retask
20260610T121209Z	0.0	robbin-po	IDLE	awaiting-retask
20260610T121209Z	0.1	robbin-architect	BLOCKED	awaiting-dependency(design-staged-gate)
20260610T121209Z	0.2	robbin-expert	IDLE	awaiting-retask
20260610T121209Z	0.3	robbin-tester	BLOCKED	awaiting-dependency(verify-staged)
20260610T121209Z	1.0	robbin-planner	BLOCKED	classifier-gate
20260610T121209Z	1.1	robbin-req	ACTIVE	-
20260610T121209Z	2.0	robbin-skill-expert	IDLE	awaiting-retask
20260610T121610Z	0.0	robbin-po	IDLE	awaiting-retask
20260610T121610Z	0.1	robbin-architect	BLOCKED	awaiting-dependency(design-staged-gate)
20260610T121610Z	0.2	robbin-expert	IDLE	awaiting-retask
20260610T121610Z	0.3	robbin-tester	BLOCKED	awaiting-dependency(verify-staged)
20260610T121610Z	1.0	robbin-planner	ACTIVE	-
20260610T121610Z	1.1	robbin-req	ACTIVE	-
20260610T121610Z	2.0	robbin-skill-expert	IDLE	awaiting-retask
20260610T123335Z	0.0	robbin-po	IDLE	awaiting-retask
20260610T123335Z	0.1	robbin-architect	BLOCKED	awaiting-dependency
20260610T123335Z	0.2	robbin-expert	IDLE	awaiting-retask
20260610T123335Z	0.3	robbin-tester	BLOCKED	awaiting-dependency
20260610T123335Z	1.0	robbin-planner	BLOCKED	classifier-gate
20260610T123335Z	1.1	robbin-req	ACTIVE	-
20260610T123335Z	2.0	robbin-skill-expert	IDLE	awaiting-retask
20260610T123810Z	0.0	robbin-po	IDLE	awaiting-retask
20260610T123810Z	0.1	robbin-architect	BLOCKED	awaiting-dependency
20260610T123810Z	0.2	robbin-expert	IDLE	awaiting-retask
20260610T123810Z	0.3	robbin-tester	BLOCKED	awaiting-dependency
20260610T123810Z	1.0	robbin-planner	BLOCKED	classifier-gate
20260610T123810Z	1.1	robbin-req	ACTIVE	-
20260610T123810Z	2.0	robbin-skill-expert	IDLE	awaiting-retask
20260610T124214Z	0.0	robbin-po	IDLE	awaiting-retask
20260610T124214Z	0.1	robbin-architect	BLOCKED	awaiting-dependency
20260610T124214Z	0.2	robbin-expert	IDLE	awaiting-retask
20260610T124214Z	0.3	robbin-tester	BLOCKED	awaiting-dependency
20260610T124214Z	1.0	robbin-planner	BLOCKED	classifier-gate
20260610T124214Z	1.1	robbin-req	ACTIVE	-
20260610T124214Z	2.0	robbin-skill-expert	IDLE	awaiting-retask
20260610T124913Z	0.0	robbin-po	IDLE	awaiting-retask
20260610T124913Z	0.1	robbin-architect	BLOCKED	awaiting-dependency
20260610T124913Z	0.2	robbin-expert	IDLE	awaiting-retask
20260610T124913Z	0.3	robbin-tester	BLOCKED	awaiting-dependency
20260610T124913Z	1.0	robbin-planner	BLOCKED	classifier-gate
20260610T124913Z	1.1	robbin-req	ACTIVE	-
20260610T124913Z	2.0	robbin-skill-expert	IDLE	awaiting-retask
20260610T125610Z	0.0	robbin-po	IDLE	awaiting-retask
20260610T125610Z	0.1	robbin-architect	BLOCKED	awaiting-dependency
20260610T125610Z	0.2	robbin-expert	IDLE	awaiting-retask
20260610T125610Z	0.3	robbin-tester	BLOCKED	awaiting-dependency
20260610T125610Z	1.0	robbin-planner	BLOCKED	classifier-gate
20260610T125610Z	1.1	robbin-req	ACTIVE	-
20260610T125610Z	2.0	robbin-skill-expert	IDLE	awaiting-retask
20260610T130321Z	0.0	robbin-po	IDLE	awaiting-retask
20260610T130321Z	0.1	robbin-architect	BLOCKED	awaiting-dependency
20260610T130321Z	0.2	robbin-expert	IDLE	awaiting-retask
20260610T130321Z	0.3	robbin-tester	BLOCKED	awaiting-dependency
20260610T130321Z	1.0	robbin-planner	BLOCKED	classifier-gate
20260610T130321Z	1.1	robbin-req	ACTIVE	-
20260610T130321Z	2.0	robbin-skill-expert	IDLE	awaiting-retask
20260610T131014Z	0.0	robbin-po	IDLE	awaiting-retask
20260610T131014Z	0.1	robbin-architect	BLOCKED	awaiting-dependency
20260610T131014Z	0.2	robbin-expert	IDLE	awaiting-retask
20260610T131014Z	0.3	robbin-tester	BLOCKED	awaiting-dependency
20260610T131014Z	1.0	robbin-planner	BLOCKED	classifier-gate
20260610T131014Z	1.1	robbin-req	ACTIVE	-
20260610T131014Z	2.0	robbin-skill-expert	IDLE	awaiting-retask
20260610T131709Z	0.0	robbin-po	IDLE	awaiting-retask
20260610T131709Z	0.1	robbin-architect	BLOCKED	awaiting-dependency
20260610T131709Z	0.2	robbin-expert	IDLE	awaiting-retask
20260610T131709Z	0.3	robbin-tester	BLOCKED	awaiting-dependency
20260610T131709Z	1.0	robbin-planner	ACTIVE	-
20260610T131709Z	1.1	robbin-req	ACTIVE	-
20260610T131709Z	2.0	robbin-skill-expert	IDLE	awaiting-retask
20260610T132210Z	0.0	robbin-po	ACTIVE	-
20260610T132210Z	0.1	robbin-architect	BLOCKED	awaiting-dependency
20260610T132210Z	0.2	robbin-expert	IDLE	awaiting-retask
20260610T132210Z	0.3	robbin-tester	BLOCKED	awaiting-dependency
20260610T132210Z	1.0	robbin-planner	BLOCKED	classifier-gate
20260610T132210Z	1.1	robbin-req	IDLE	awaiting-retask
20260610T132210Z	2.0	robbin-skill-expert	IDLE	awaiting-retask
20260610T132911Z	0.0	robbin-po	ACTIVE	-
20260610T132911Z	0.1	robbin-architect	IDLE	awaiting-retask
20260610T132911Z	0.2	robbin-expert	IDLE	awaiting-retask
20260610T132911Z	0.3	robbin-tester	IDLE	awaiting-retask
20260610T132911Z	1.0	robbin-planner	IDLE	awaiting-retask
20260610T132911Z	1.1	robbin-req	ACTIVE	-
20260610T132911Z	2.0	robbin-skill-expert	IDLE	awaiting-retask
20260610T133309Z	0.0	robbin-po	IDLE	awaiting-retask
20260610T133309Z	0.1	robbin-architect	ACTIVE	-
20260610T133309Z	0.2	robbin-expert	IDLE	awaiting-retask
20260610T133309Z	0.3	robbin-tester	IDLE	awaiting-retask
20260610T133309Z	1.0	robbin-planner	IDLE	awaiting-retask
20260610T133309Z	1.1	robbin-req	ACTIVE	-
20260610T133309Z	2.0	robbin-skill-expert	IDLE	awaiting-retask
20260610T133710Z	0.0	robbin-po	IDLE	awaiting-retask
20260610T133710Z	0.1	robbin-architect	ACTIVE	-
20260610T133710Z	0.2	robbin-expert	IDLE	awaiting-retask
20260610T133710Z	0.3	robbin-tester	IDLE	awaiting-retask
20260610T133710Z	1.0	robbin-planner	IDLE	awaiting-retask
20260610T133710Z	1.1	robbin-req	IDLE	awaiting-retask
20260610T133710Z	2.0	robbin-skill-expert	IDLE	awaiting-retask
20260610T134111Z	0.0	robbin-po	IDLE	awaiting-retask
20260610T134111Z	0.1	robbin-architect	IDLE	awaiting-retask
20260610T134111Z	0.2	robbin-expert	IDLE	awaiting-retask
20260610T134111Z	0.3	robbin-tester	IDLE	awaiting-retask
20260610T134111Z	1.0	robbin-planner	IDLE	awaiting-retask
20260610T134111Z	1.1	robbin-req	ACTIVE	-
20260610T134111Z	2.0	robbin-skill-expert	IDLE	awaiting-retask
20260610T134611Z	0.0	robbin-po	ACTIVE	-
20260610T134611Z	0.1	robbin-architect	ACTIVE	-
20260610T134611Z	0.2	robbin-expert	IDLE	awaiting-retask
20260610T134611Z	0.3	robbin-tester	ACTIVE	-
20260610T134611Z	1.0	robbin-planner	IDLE	awaiting-retask
20260610T134611Z	1.1	robbin-req	ACTIVE	-
20260610T134611Z	2.0	robbin-skill-expert	IDLE	awaiting-retask
20260610T135012Z	0.0	robbin-po	ACTIVE	-
20260610T135012Z	0.1	robbin-architect	ACTIVE	-
20260610T135012Z	0.2	robbin-expert	IDLE	awaiting-retask
20260610T135012Z	0.3	robbin-tester	ACTIVE	-
20260610T135012Z	1.0	robbin-planner	ACTIVE	-
20260610T135012Z	1.1	robbin-req	IDLE	awaiting-retask
20260610T135012Z	2.0	robbin-skill-expert	IDLE	awaiting-retask
20260610T135424Z	0.0	robbin-po	IDLE	awaiting-retask
20260610T135424Z	0.1	robbin-architect	ACTIVE	-
20260610T135424Z	0.2	robbin-expert	ACTIVE	-
20260610T135424Z	0.3	robbin-tester	IDLE	awaiting-retask
20260610T135424Z	1.0	robbin-planner	ACTIVE	-
20260610T135424Z	1.1	robbin-req	IDLE	awaiting-retask
20260610T135424Z	2.0	robbin-skill-expert	IDLE	awaiting-retask
20260610T135817Z	0.0	robbin-po	IDLE	awaiting-retask
20260610T135817Z	0.1	robbin-architect	ACTIVE	-
20260610T135817Z	0.2	robbin-expert	ACTIVE	-
20260610T135817Z	0.3	robbin-tester	IDLE	awaiting-retask
20260610T135817Z	1.0	robbin-planner	ACTIVE	-
20260610T135817Z	1.1	robbin-req	ACTIVE	-
20260610T135817Z	2.0	robbin-skill-expert	IDLE	awaiting-retask
20260610T140213Z	0.0	robbin-po	IDLE	awaiting-retask
20260610T140213Z	0.1	robbin-architect	IDLE	awaiting-retask
20260610T140213Z	0.2	robbin-expert	ACTIVE	-
20260610T140213Z	0.3	robbin-tester	IDLE	awaiting-retask
20260610T140213Z	1.0	robbin-planner	IDLE	awaiting-retask
20260610T140213Z	1.1	robbin-req	IDLE	awaiting-retask
20260610T140213Z	2.0	robbin-skill-expert	IDLE	awaiting-retask
20260610T140724Z	0.0	robbin-po	IDLE	awaiting-retask
20260610T140724Z	0.1	robbin-architect	IDLE	awaiting-retask
20260610T140724Z	0.2	robbin-expert	IDLE	awaiting-retask
20260610T140724Z	0.3	robbin-tester	IDLE	awaiting-retask
20260610T140724Z	1.0	robbin-planner	IDLE	awaiting-retask
20260610T140724Z	1.1	robbin-req	IDLE	awaiting-retask
20260610T140724Z	2.0	robbin-skill-expert	IDLE	awaiting-retask
20260610T141511Z	0.0	robbin-po	IDLE	awaiting-retask
20260610T141511Z	0.1	robbin-architect	IDLE	awaiting-retask
20260610T141511Z	0.2	robbin-expert	ACTIVE	-
20260610T141511Z	0.3	robbin-tester	IDLE	awaiting-retask
20260610T141511Z	1.0	robbin-planner	IDLE	awaiting-retask
20260610T141511Z	1.1	robbin-req	IDLE	awaiting-retask
20260610T141511Z	2.0	robbin-skill-expert	IDLE	awaiting-retask
20260610T142021Z	0.0	robbin-po	IDLE	awaiting-retask
20260610T142021Z	0.1	robbin-architect	IDLE	awaiting-retask
20260610T142021Z	0.2	robbin-expert	ACTIVE	-
20260610T142021Z	0.3	robbin-tester	IDLE	awaiting-retask
20260610T142021Z	1.0	robbin-planner	IDLE	awaiting-retask
20260610T142021Z	1.1	robbin-req	IDLE	awaiting-retask
20260610T142021Z	2.0	robbin-skill-expert	IDLE	awaiting-retask
20260610T142817Z	0.0	robbin-po	IDLE	awaiting-retask
20260610T142817Z	0.1	robbin-architect	ACTIVE	-
20260610T142817Z	0.2	robbin-expert	ACTIVE	-
20260610T142817Z	0.3	robbin-tester	IDLE	awaiting-retask
20260610T142817Z	1.0	robbin-planner	IDLE	awaiting-retask
20260610T142817Z	1.1	robbin-req	IDLE	awaiting-retask
20260610T142817Z	2.0	robbin-skill-expert	IDLE	awaiting-retask
20260610T143311Z	0.0	robbin-po	IDLE	awaiting-retask
20260610T143311Z	0.1	robbin-architect	ACTIVE	-
20260610T143311Z	0.2	robbin-expert	ACTIVE	-
20260610T143311Z	0.3	robbin-tester	IDLE	awaiting-retask
20260610T143311Z	1.0	robbin-planner	IDLE	awaiting-retask
20260610T143311Z	1.1	robbin-req	IDLE	awaiting-retask
20260610T143311Z	2.0	robbin-skill-expert	IDLE	awaiting-retask
20260610T143815Z	0.0	robbin-po	IDLE	awaiting-retask
20260610T143815Z	0.1	robbin-architect	IDLE	awaiting-retask
20260610T143815Z	0.2	robbin-expert	ACTIVE	-
20260610T143815Z	0.3	robbin-tester	IDLE	awaiting-retask
20260610T143815Z	1.0	robbin-planner	IDLE	awaiting-retask
20260610T143815Z	1.1	robbin-req	IDLE	awaiting-retask
20260610T143815Z	2.0	robbin-skill-expert	IDLE	awaiting-retask
20260610T144618Z	0.0	robbin-po	IDLE	awaiting-retask
20260610T144618Z	0.1	robbin-architect	IDLE	awaiting-retask
20260610T144618Z	0.2	robbin-expert	ACTIVE	-
20260610T144618Z	0.3	robbin-tester	IDLE	awaiting-retask
20260610T144618Z	1.0	robbin-planner	IDLE	awaiting-retask
20260610T144618Z	1.1	robbin-req	IDLE	awaiting-retask
20260610T144618Z	2.0	robbin-skill-expert	IDLE	awaiting-retask
20260610T145424Z	0.0	robbin-po	IDLE	awaiting-retask
20260610T145424Z	0.1	robbin-architect	ACTIVE	-
20260610T145424Z	0.2	robbin-expert	ACTIVE	-
20260610T145424Z	0.3	robbin-tester	ACTIVE	-
20260610T145424Z	1.0	robbin-planner	ACTIVE	-
20260610T145424Z	1.1	robbin-req	IDLE	awaiting-retask
20260610T145424Z	2.0	robbin-skill-expert	IDLE	awaiting-retask
20260610T145922Z	0.0	robbin-po	IDLE	awaiting-retask
20260610T145922Z	0.1	robbin-architect	ACTIVE	-
20260610T145922Z	0.2	robbin-expert	ACTIVE	-
20260610T145922Z	0.3	robbin-tester	IDLE	awaiting-retask
20260610T145922Z	1.0	robbin-planner	IDLE	awaiting-retask
20260610T145922Z	1.1	robbin-req	IDLE	awaiting-retask
20260610T145922Z	2.0	robbin-skill-expert	IDLE	awaiting-retask
20260610T150426Z	0.0	robbin-po	IDLE	awaiting-retask
20260610T150426Z	0.1	robbin-architect	ACTIVE	-
20260610T150426Z	0.2	robbin-expert	ACTIVE	-
20260610T150426Z	0.3	robbin-tester	IDLE	awaiting-retask
20260610T150426Z	1.0	robbin-planner	IDLE	awaiting-retask
20260610T150426Z	1.1	robbin-req	IDLE	awaiting-retask
20260610T150426Z	2.0	robbin-skill-expert	IDLE	awaiting-retask
20260610T151214Z	0.0	robbin-po	IDLE	awaiting-retask
20260610T151214Z	0.1	robbin-architect	IDLE	awaiting-retask
20260610T151214Z	0.2	robbin-expert	ACTIVE	-
20260610T151214Z	0.3	robbin-tester	IDLE	awaiting-retask
20260610T151214Z	1.0	robbin-planner	IDLE	awaiting-retask
20260610T151214Z	1.1	robbin-req	IDLE	awaiting-retask
20260610T151214Z	2.0	robbin-skill-expert	IDLE	awaiting-retask
20260610T152015Z	0.0	robbin-po	IDLE	awaiting-retask
20260610T152015Z	0.1	robbin-architect	ACTIVE	-
20260610T152015Z	0.2	robbin-expert	ACTIVE	-
20260610T152015Z	0.3	robbin-tester	IDLE	awaiting-retask
20260610T152015Z	1.0	robbin-planner	IDLE	awaiting-retask
20260610T152015Z	1.1	robbin-req	IDLE	awaiting-retask
20260610T152015Z	2.0	robbin-skill-expert	IDLE	awaiting-retask
20260610T152817Z	0.0	robbin-po	IDLE	awaiting-retask
20260610T152817Z	0.1	robbin-architect	ACTIVE	-
20260610T152817Z	0.2	robbin-expert	ACTIVE	-
20260610T152817Z	0.3	robbin-tester	IDLE	awaiting-retask
20260610T152817Z	1.0	robbin-planner	IDLE	awaiting-retask
20260610T152817Z	1.1	robbin-req	IDLE	awaiting-retask
20260610T152817Z	2.0	robbin-skill-expert	IDLE	awaiting-retask
20260610T153611Z	0.0	robbin-po	ACTIVE	-
20260610T153611Z	0.1	robbin-architect	IDLE	awaiting-retask
20260610T153611Z	0.2	robbin-expert	ACTIVE	-
20260610T153611Z	0.3	robbin-tester	IDLE	awaiting-retask
20260610T153611Z	1.0	robbin-planner	IDLE	awaiting-retask
20260610T153611Z	1.1	robbin-req	ACTIVE	-
20260610T153611Z	2.0	robbin-skill-expert	IDLE	awaiting-retask
20260610T154416Z	0.0	robbin-po	IDLE	awaiting-retask
20260610T154416Z	0.1	robbin-architect	BLOCKED	permission-prompt(safe-node-stats)
20260610T154416Z	0.2	robbin-expert	IDLE	awaiting-retask
20260610T154416Z	0.3	robbin-tester	IDLE	awaiting-retask
20260610T154416Z	1.0	robbin-planner	IDLE	awaiting-retask
20260610T154416Z	1.1	robbin-req	IDLE	awaiting-retask
20260610T154416Z	2.0	robbin-skill-expert	IDLE	awaiting-retask
20260610T155015Z	0.0	robbin-po	IDLE	awaiting-retask
20260610T155015Z	0.1	robbin-architect	IDLE	awaiting-retask
20260610T155015Z	0.2	robbin-expert	IDLE	awaiting-retask
20260610T155015Z	0.3	robbin-tester	ACTIVE	-
20260610T155015Z	1.0	robbin-planner	ACTIVE	-
20260610T155015Z	1.1	robbin-req	IDLE	awaiting-retask
20260610T155015Z	2.0	robbin-skill-expert	IDLE	awaiting-retask
20260610T155829Z	0.0	robbin-po	IDLE	awaiting-retask
20260610T155829Z	0.1	robbin-architect	BLOCKED	permission-prompt(safe-find)
20260610T155829Z	0.2	robbin-expert	IDLE	awaiting-retask
20260610T155829Z	0.3	robbin-tester	ACTIVE	-
20260610T155829Z	1.0	robbin-planner	ACTIVE	-
20260610T155829Z	1.1	robbin-req	IDLE	awaiting-retask
20260610T155829Z	2.0	robbin-skill-expert	IDLE	awaiting-retask
20260610T160320Z	0.0	robbin-po	IDLE	awaiting-retask
20260610T160320Z	0.1	robbin-architect	IDLE	awaiting-retask
20260610T160320Z	0.2	robbin-expert	IDLE	awaiting-retask
20260610T160320Z	0.3	robbin-tester	ACTIVE	-
20260610T160320Z	1.0	robbin-planner	BLOCKED	context-0pct-rewinding
20260610T160320Z	1.1	robbin-req	IDLE	awaiting-retask
20260610T160320Z	2.0	robbin-skill-expert	IDLE	awaiting-retask
20260610T160658Z	0.0	robbin-po	IDLE	awaiting-retask
20260610T160658Z	0.1	robbin-architect	IDLE	awaiting-retask
20260610T160658Z	0.2	robbin-expert	ACTIVE	-
20260610T160658Z	0.3	robbin-tester	ACTIVE	-
20260610T160658Z	1.0	robbin-planner	BLOCKED	classifier-gate(post-rewind-retry)
20260610T160658Z	1.1	robbin-req	IDLE	awaiting-retask
20260610T160658Z	2.0	robbin-skill-expert	IDLE	awaiting-retask
20260610T161005Z	0.0	robbin-po	IDLE	awaiting-retask
20260610T161005Z	0.1	robbin-architect	IDLE	awaiting-retask
20260610T161005Z	0.2	robbin-expert	ACTIVE	-
20260610T161005Z	0.3	robbin-tester	ACTIVE	-
20260610T161005Z	1.0	robbin-planner	BLOCKED	classifier-gate
20260610T161005Z	1.1	robbin-req	IDLE	awaiting-retask
20260610T161005Z	2.0	robbin-skill-expert	IDLE	awaiting-retask
20260610T161308Z	0.0	robbin-po	IDLE	awaiting-retask
20260610T161308Z	0.1	robbin-architect	IDLE	awaiting-retask
20260610T161308Z	0.2	robbin-expert	ACTIVE	-
20260610T161308Z	0.3	robbin-tester	ACTIVE	-
20260610T161308Z	1.0	robbin-planner	BLOCKED	classifier-gate
20260610T161308Z	1.1	robbin-req	IDLE	awaiting-retask
20260610T161308Z	2.0	robbin-skill-expert	IDLE	awaiting-retask
20260610T161629Z	0.0	robbin-po	IDLE	awaiting-retask
20260610T161629Z	0.1	robbin-architect	IDLE	awaiting-retask
20260610T161629Z	0.2	robbin-expert	ACTIVE	-
20260610T161629Z	0.3	robbin-tester	ACTIVE	-
20260610T161629Z	1.0	robbin-planner	ACTIVE	-
20260610T161629Z	1.1	robbin-req	IDLE	awaiting-retask
20260610T161629Z	2.0	robbin-skill-expert	IDLE	awaiting-retask
20260610T161932Z	0.0	robbin-po	IDLE	awaiting-retask
20260610T161932Z	0.1	robbin-architect	IDLE	awaiting-retask
20260610T161932Z	0.2	robbin-expert	ACTIVE	near-limit-2pct-saving
20260610T161932Z	0.3	robbin-tester	ACTIVE	-
20260610T161932Z	1.0	robbin-planner	ACTIVE	-
20260610T161932Z	1.1	robbin-req	IDLE	awaiting-retask
20260610T161932Z	2.0	robbin-skill-expert	IDLE	awaiting-retask
20260610T162321Z	0.0	robbin-po	IDLE	awaiting-retask
20260610T162321Z	0.1	robbin-architect	IDLE	awaiting-retask
20260610T162321Z	0.2	robbin-expert	BLOCKED	context-1pct-rewinding
20260610T162321Z	0.3	robbin-tester	ACTIVE	-
20260610T162321Z	1.0	robbin-planner	ACTIVE	-
20260610T162321Z	1.1	robbin-req	IDLE	awaiting-retask
20260610T162321Z	2.0	robbin-skill-expert	IDLE	awaiting-retask
20260610T162531Z	0.0	robbin-po	IDLE	awaiting-retask
20260610T162531Z	0.1	robbin-architect	IDLE	awaiting-retask
20260610T162531Z	0.2	robbin-expert	IDLE	awaiting-retask(rewound-recovered)
20260610T162531Z	0.3	robbin-tester	ACTIVE	-
20260610T162531Z	1.0	robbin-planner	IDLE	awaiting-retask
20260610T162531Z	1.1	robbin-req	IDLE	awaiting-retask
20260610T162531Z	2.0	robbin-skill-expert	IDLE	awaiting-retask
20260610T162843Z	0.0	robbin-po	IDLE	awaiting-retask
20260610T162843Z	0.1	robbin-architect	IDLE	awaiting-retask
20260610T162843Z	0.2	robbin-expert	IDLE	awaiting-retask
20260610T162843Z	0.3	robbin-tester	ACTIVE	-
20260610T162843Z	1.0	robbin-planner	IDLE	awaiting-retask
20260610T162843Z	1.1	robbin-req	IDLE	awaiting-retask
20260610T162843Z	2.0	robbin-skill-expert	IDLE	awaiting-retask
20260610T163152Z	0.0	robbin-po	IDLE	awaiting-retask
20260610T163152Z	0.1	robbin-architect	IDLE	awaiting-retask
20260610T163152Z	0.2	robbin-expert	ACTIVE	-
20260610T163152Z	0.3	robbin-tester	ACTIVE	-
20260610T163152Z	1.0	robbin-planner	IDLE	awaiting-retask
20260610T163152Z	1.1	robbin-req	IDLE	awaiting-retask
20260610T163152Z	2.0	robbin-skill-expert	IDLE	awaiting-retask
20260610T163451Z	0.0	robbin-po	IDLE	awaiting-retask
20260610T163451Z	0.1	robbin-architect	IDLE	awaiting-retask
20260610T163451Z	0.2	robbin-expert	ACTIVE	-
20260610T163451Z	0.3	robbin-tester	ACTIVE	-
20260610T163451Z	1.0	robbin-planner	IDLE	awaiting-retask
20260610T163451Z	1.1	robbin-req	IDLE	awaiting-retask
20260610T163451Z	2.0	robbin-skill-expert	IDLE	awaiting-retask
20260610T163928Z	0.0	robbin-po	IDLE	awaiting-retask
20260610T163928Z	0.1	robbin-architect	IDLE	awaiting-retask
20260610T163928Z	0.2	robbin-expert	ACTIVE	-
20260610T163928Z	0.3	robbin-tester	ACTIVE	-
20260610T163928Z	1.0	robbin-planner	IDLE	awaiting-retask
20260610T163928Z	1.1	robbin-req	IDLE	awaiting-retask
20260610T163928Z	2.0	robbin-skill-expert	IDLE	awaiting-retask
20260610T164410Z	0.0	robbin-po	ACTIVE	-
20260610T164410Z	0.1	robbin-architect	IDLE	awaiting-retask
20260610T164410Z	0.2	robbin-expert	ACTIVE	-
20260610T164410Z	0.3	robbin-tester	ACTIVE	-
20260610T164410Z	1.0	robbin-planner	IDLE	awaiting-retask
20260610T164410Z	1.1	robbin-req	IDLE	awaiting-retask
20260610T164410Z	2.0	robbin-skill-expert	IDLE	awaiting-retask
# 20260610T174248Z TEAM SWITCH → robbinTeam2 (fresh). New map: 0.0=po 0.1=planner 0.2=expert 0.3=skill-expert 0.4=architect 0.5=req 0.6=tester 0.7=shell. Fresh context, budget rolled 0%.
20260610T174248Z	0.0	robbin-po	ACTIVE	-
20260610T174248Z	0.1	robbin-planner	ACTIVE	-
20260610T174248Z	0.2	robbin-expert	IDLE	awaiting-retask
20260610T174248Z	0.3	robbin-skill-expert	IDLE	awaiting-retask
20260610T174248Z	0.4	robbin-architect	ACTIVE	-
20260610T174248Z	0.5	robbin-req	IDLE	awaiting-retask
20260610T174248Z	0.6	robbin-tester	IDLE	awaiting-retask
